{"cameraMode":{"drawMode":0,"name":"Shaded","section":"Shading Mode"},"sceneLighting":false,"audioPlay":false,"sceneViewState":{"showFog":true,"showMaterialUpdate":false,"showSkybox":false,"showFlares":true,"showImageEffects":true,"showParticleSystems":true},"in2DMode":false,"pivot":{"x":1.6835243701934815,"y":2.26153564453125,"z":-21.9837589263916},"rotation":{"x":-0.055809617042541507,"y":0.718837559223175,"z":0.05815603956580162,"w":0.6905127167701721},"size":3.447446346282959,"orthographic":false}