{"cameraMode":{"drawMode":0,"name":"Shaded","section":"Shading Mode"},"sceneLighting":true,"audioPlay":false,"sceneViewState":{"showFog":true,"showMaterialUpdate":false,"showSkybox":true,"showFlares":true,"showImageEffects":true,"showParticleSystems":true},"in2DMode":false,"pivot":{"x":9.552632331848145,"y":0.332489013671875,"z":-1.5496121644973755},"rotation":{"x":0.09224722534418106,"y":0.9069186449050903,"z":-0.3109476864337921,"w":0.2689470946788788},"size":26.044845581054689,"orthographic":false}